cogx,cogy,p_beforex,p_beforey,before_afterx,before_aftery,mainhand,preframe,postframe
37.368473498883525,-298.8942017236672,0.0,0.0,-47.37114464327808,-455.6391287748997,2,20,171
